1|../../../Resources/Images/Tour/treasure-map.png
2|../../../Resources/Images/Tour/1800.jpeg
3|../../../Resources/Images/Tour/1800.jpeg
4|../../../Resources/Images/Tour/treasure-map.png
5|../../../Resources/Images/Accommodation/yellow-letter-s-in-black-6ovxl6yn0m6kv61d.jpg
6|../../../Resources/Images/Accommodation/yellow-letter-s-in-black-6ovxl6yn0m6kv61d.jpg
7|../../../Resources/Images/Accommodation/_cc371cd9-38b7-47c7-bab4-501071fa003f.jpg
8|../../../Resources/Images/Accommodation/yellow-letter-s-in-black-6ovxl6yn0m6kv61d.jpg
9|../../../Resources/Images/Accommodation/yellow-letter-s-in-black-6ovxl6yn0m6kv61d.jpg
10|../../../Resources/Images/Accommodation/yellow-letter-s-in-black-6ovxl6yn0m6kv61d.jpg
11|../../../Resources/Images/Accommodation/yellow-letter-s-in-black-6ovxl6yn0m6kv61d.jpg
12|../../../Resources/Images/Accommodation/_cc371cd9-38b7-47c7-bab4-501071fa003f.jpg
13|../../../Resources/Images/Accommodation/30362f27-7a75-4bec-b8a6-0fbaf335b170.jpg
14|../../../Resources/Images/Accommodation/_cc371cd9-38b7-47c7-bab4-501071fa003f.jpg
15|../../../Resources/Images/Tour/BigBen.png
16|../../../Resources/Images/Tour/giza.jpg
17|../../../Resources/Images/Tour/PlitvickaJezera.jpg
18|../../../Resources/Images/Tour/PlitvickaJezera2.jpg
19|../../../Resources/Images/Accommodation/342228017_638748301449761_7525697086342819609_n.jpg
20|../../../Resources/Images/Accommodation/415882725.jpg
21|../../../Resources/Images/Accommodation/421079131.jpg
22|../../../Resources/Images/Accommodation/420620803.jpg
23|../../../Resources/Images/Accommodation/312707473.jpg
24|../../../Resources/Images/Accommodation/312707529.jpg
25|../../../Resources/Images/Accommodation/284932575.jpg
26|../../../Resources/Images/Accommodation/bin3.jpg
27|../../../Resources/Images/Accommodation/bin2.jpg
28|../../../Resources/Images/Accommodation/bin1.jpg
29|../../../Resources/Images/Tour/liveiconA.png
30|../../../Resources/Images/Accommodation/342228017_638748301449761_7525697086342819609_n.jpg
31|../../../Resources/Images/Accommodation/BHG-TULIPS-MBF-0093_f2c71daeaaffd60f23af70ac975e5c95dc1fc693-1-b47c307aa0e94989a200c8f09f7633d1.jpg
32|../../../Resources/Images/Tour/GIOLA.jpg
33|../../../Resources/Images/Accommodation/instagram.png
34|../../../Resources/Images/Accommodation/instagramA.png
35|../../../Resources/Images/Accommodation/facebook.png
36|../../../Resources/Images/Accommodation/shibuya-center-town.jpg
37|../../../Resources/Images/Accommodation/shibuya-center-townA.jpg
38|../../../Resources/Images/Accommodation/shibuya-center-townAA.jpg
39|../../../Resources/Images/Accommodation/Screenshot_2.jpg
40|../../../Resources/Images/Accommodation/Screenshot_2.jpg
41|../../../Resources/Images/Accommodation/Screenshot_1.jpg
42|../../../Resources/Images/Accommodation/Screenshot_1A.jpg
43|../../../Resources/Images/Accommodation/Screenshot_1A.jpg
44|../../../Resources/Images/Accommodation/Screenshot_2A.jpg
45|../../../Resources/Images/Accommodation/Screenshot_1AA.jpg
46|../../../Resources/Images/Accommodation/Screenshot_1AA.jpg
47|../../../Resources/Images/Accommodation/Screenshot_2AA.jpg
48|../../../Resources/Images/Accommodation/Screenshot_1AA.jpg
49|../../../Resources/Images/Accommodation/Screenshot_2AA.jpg
50|../../../Resources/Images/Accommodation/Screenshot_2AAA.jpg
51|../../../Resources/Images/Accommodation/Screenshot_1AAA.jpg
52|../../../Resources/Images/Accommodation/Screenshot_1AAAA.jpg
53|../../../../Resources/Images/Accommodation/Screenshot_1AAAAA.jpg
54|../../../Resources/Images/Accommodation/Screenshot_1AAAAAA.jpg
55|../../../../Resources/Images/Accommodation/Screenshot_1AAAAAAA.jpg
56|Resources/Images/Accommodation/Screenshot_2AAAA.jpg
57|../../../Resources/Images/Accommodation/Screenshot_2AAAAA.jpg
58|../../../Resources/Images/Accommodation/Screenshot_1AAAAAAAA.jpg
59|../../../Resources/Images/Accommodation/Screenshot_1AAAAAAAAA.jpg
60|../../../Resources/Images/Accommodation/Screenshot_1AAAAAAAAAA.jpg
61|../../../Resources/Images/Accommodation/Screenshot_1AAAAAAAAAAA.jpg
62|../../../Resources/Images/TourReview/hqdefault.jpg
63|../../../Resources/Images/TourReview/nenad.jpg
64|../../../Resources/Images/Accommodation/Screenshot_1AAAAAAAAAAAAAAAAAAAAA.jpg
65|../../../Resources/Images/Accommodation/Screenshot_1AAAAAAAAAAAAAAAAAAAAAA.jpg
66|../../../Resources/Images/Accommodation/Screenshot_2AAAAAAAAAAAAA.jpg
67|../../../Resources/Images/Accommodation/342228017_638748301449761_7525697086342819609_nAAAAA.jpg
68|../../../Resources/Images/Accommodation/342228017_638748301449761_7525697086342819609_nAAAAAA.jpg
69|../../../Resources/Images/Accommodation/438246222_1580857189347273_8189335294852163167_n.jpg
70|../../../Resources/Images/Accommodation/Screenshot_1AAAAAAAAAAAAAAAAAAAAAAA.jpg
71|../../../Resources/Images/Accommodation/Screenshot_2AAAAAAAAAAAAAA.jpg
72|../../../Resources/Images/Accommodation/Screenshot_2AAAAAAAAAAAAAAA.jpg
73|../../../Resources/Images/Accommodation/Screenshot_1AAAAAAAAAAAAAAAAAAAAAAAA.jpg
74|../../../Resources/Images/Accommodation/Screenshot_2AAAAAAAAAAAAAAAA.jpg
75|../../../Resources/Images/Accommodation/Screenshot_1AAAAAAAAAAAAAAAAAAAAAAAAA.jpg
76|../../../Resources/Images/Accommodation/Screenshot_2AAAAAAAAAAAAAAAAA.jpg
77|../../../Resources/Images/Accommodation/Screenshot_1AAAAAAAAAAAAAAAAAAAAAAAAAA.jpg
78|../../../Resources/Images/Accommodation/Screenshot_2AAAAAAAAAAAAAAAAAA.jpg
79|../../../Resources/Images/Accommodation/342228017_638748301449761_7525697086342819609_nAAAAAAA.jpg
80|../../../Resources/Images/Accommodation/Screenshot_1AAAAAAAAAAAAAAAAAAAAAAAAAAA.jpg
81|../../../Resources/Images/Accommodation/Screenshot_2AAAAAAAAAAAAAAAAAAA.jpg
82|../../../Resources/Images/Accommodation/Screenshot_1AAAAAAAAAAAAAAAAAAAAAAAAAAAA.jpg
83|../../../Resources/Images/Accommodation/Screenshot_2AAAAAAAAAAAAAAAAAAAA.jpg
84|../../../Resources/Images/Accommodation/342228017_638748301449761_7525697086342819609_nAAAAAAAA.jpg
85|../../../Resources/Images/Accommodation/Screenshot_1AAAAAAAAAAAAAAAAAAAAAAAAAAAAA.jpg
86|../../../Resources/Images/Accommodation/Screenshot_2AAAAAAAAAAAAAAAAAAAAA.jpg
87|../../../Resources/Images/Accommodation/342228017_638748301449761_7525697086342819609_nAAAAAAAAA.jpg
88|../../../Resources/Images/Tour/613a18aa2534ab00185376eb.jpg
89|../../../Resources/Images/TourReview/tourist.jpg
90|../../../Resources/Images/No-Image-Placeholder.jpg
91|../../../Resources/Images/Accommodation/sheraton.jpg
92|../../../Resources/Images/Accommodation/maxresdefaultA.jpg
93|../../../Resources/Images/Accommodation/Galleria_Su.jpg
94|../../../Resources/Images/Accommodation/MoscowHotel.jpg
95|../../../Resources/Images/Accommodation/ArtistSu.jpg
96|../../../Resources/Images/Accommodation/HotelVita.jpg
97|../../../Resources/Images/Accommodation/ArtistSuA.jpg
98|../../../Resources/Images/Accommodation/dcac7b21-9a2c-4e4f-8c2b-229a185abe38.jpg
99|../../../Resources/Images/TourReview/trolley-tours-of-key-west.jpg
100|../../../Resources/Images/TourReview/images.jpeg
101|../../../Resources/Images/TourReview/depositphotos_50547177-stock-photo-group-of-smiling-friends-traveling.jpg
102|../../../Resources/Images/Accommodation/342228017_638748301449761_7525697086342819609_nAAAAAAAAAA.jpg
103|../../../Resources/Images/Accommodation/arrowright.png
104|../../../Resources/Images/Accommodation/pxfuelA.jpg
105|../../../Resources/Images/Accommodation/pxfuelAA.jpg
106|../../../Resources/Images/Accommodation/pxfuelAAA.jpg
107|../../../Resources/Images/Accommodation/342228017_638748301449761_7525697086342819609_nAAAAAAAAAAA.jpg
108|../../../Resources/Images/Accommodation/342228017_638748301449761_7525697086342819609_nAAAAAAAAAAAA.jpg
109|../../../Resources/Images/Accommodation/arrowrightA.png
110|../../../Resources/Images/Accommodation/pxfuelAAAA.jpg
111|../../../Resources/Images/Accommodation/342228017_638748301449761_7525697086342819609_nAAAAAAAAAAAAA.jpg
112|../../../Resources/Images/Accommodation/arrowleft.png
113|../../../Resources/Images/Accommodation/342228017_638748301449761_7525697086342819609_nAAAAAAAAAAAAAA.jpg
114|../../../Resources/Images/Accommodation/arrowrightAA.png
115|../../../Resources/Images/Accommodation/Screenshot_1AAAAAAAAAAAAAAAAAAAAAAAAAAAAAA.jpg
116|../../../Resources/Images/Accommodation/tutorial.png
117|../../../Resources/Images/Accommodation/Screenshot_1AAAAAAAAAAAAAAAAAAAAAAAAAAAAAAA.jpg
118|../../../Resources/Images/Accommodation/438246222_1580857189347273_8189335294852163167_nA.jpg
119|../../../Resources/Images/Accommodation/arrowrightAAA.png
120|../../../Resources/Images/Accommodation/438246222_1580857189347273_8189335294852163167_nAA.jpg
