4|10|8|5/31/2024 7:35:19 PM|Reserved|62
5|2|8|5/31/2024 7:36:00 PM|Cancelled|42
6|8|8|5/31/2024 8:00:04 PM|Reserved|63
7|10|8|5/31/2024 8:00:43 PM|Reserved|64
8|9|8|5/31/2024 8:03:22 PM|Reserved|65
9|6|8|5/31/2024 8:06:22 PM|Reserved|66
10|9|8|5/31/2024 8:06:59 PM|Reserved|67
11|2|8|5/31/2024 8:14:29 PM|Reserved|68
12|1|8|5/31/2024 9:27:25 PM|Cancelled|25
13|2|8|5/31/2024 9:28:47 PM|Cancelled|46
14|8|8|5/31/2024 9:29:09 PM|Cancelled|50
15|2|8|5/31/2024 9:29:14 PM|Cancelled|52
16|2|8|5/31/2024 9:29:19 PM|Cancelled|53
17|7|8|5/31/2024 9:29:24 PM|Cancelled|56
18|7|8|5/31/2024 9:29:30 PM|Cancelled|59
19|2|8|6/1/2024 1:02:44 AM|Cancelled|41
20|4|8|6/1/2024 6:07:23 PM|Reserved|69
21|4|8|6/2/2024 12:33:51 AM|Cancelled|51
